Timestamp,Demand
2020-01-01,91799.276872
2020-01-02,92898.771836
2020-01-03,92880.328257
2020-01-04,82642.391232
2020-01-05,81996.193891
2020-01-06,93268.945484
2020-01-07,92443.18826
2020-01-08,92907.598831
2020-01-09,92106.808671
2020-01-10,93082.530494
2020-01-11,82265.843558
2020-01-12,81833.278972
2020-01-13,92207.5347
2020-01-14,93363.537959
2020-01-15,92518.675915
2020-01-16,92836.899859
2020-01-17,92823.431208
2020-01-18,81203.346439
2020-01-19,82692.665762
2020-01-20,92166.416852
2020-01-21,93352.465317
2020-01-22,92613.744526
2020-01-23,94344.105767
2020-01-24,93516.518381
2020-01-25,83779.889962
2020-01-26,84024.624892
2020-01-27,93460.068551
2020-01-28,93637.451416
2020-01-29,92859.626969
2020-01-30,93712.069385
2020-01-31,94137.187758
2020-02-01,89357.511014
2020-02-02,88840.56181
2020-02-03,100879.304662
2020-02-04,102346.404197
2020-02-05,101369.778474
2020-02-06,101747.046398
2020-02-07,101257.998743
2020-02-08,90822.188401
2020-02-09,90145.283118
2020-02-10,103303.190306
2020-02-11,102416.565745
2020-02-12,101559.411876
2020-02-13,100443.491595
2020-02-14,102370.832938
2020-02-15,90405.981396
2020-02-16,90778.334599
2020-02-17,103611.14235
2020-02-18,102605.168509
2020-02-19,103522.200989
2020-02-20,103110.799148
2020-02-21,105148.834053
2020-02-22,93897.372648
2020-02-23,92757.151321
2020-02-24,105107.290458
2020-02-25,105644.263804
2020-02-26,104521.549115
2020-02-27,106002.879198
2020-02-28,105483.676696
2020-02-29,93414.623375
2020-03-01,93199.284853
2020-03-02,106007.054593
2020-03-03,107646.502081
2020-03-04,106576.762805
2020-03-05,106113.307184
2020-03-06,107038.521596
2020-03-07,95572.689051
2020-03-08,96945.007338
2020-03-09,108183.876116
2020-03-10,108265.236356
2020-03-11,109619.25586
2020-03-12,108773.92232499999
2020-03-13,108834.19507
2020-03-14,99270.480415
2020-03-15,98653.758673
2020-03-16,109497.70947
2020-03-17,109620.258513
2020-03-18,110552.582135
2020-03-19,112185.962741
2020-03-20,111701.16137
2020-03-21,97974.374767
2020-03-22,99397.069053
2020-03-23,112635.095829
2020-03-24,110620.468872
2020-03-25,113182.620198
2020-03-26,112796.05710600001
2020-03-27,113073.440476
2020-03-28,101846.317837
2020-03-29,103677.628616
2020-03-30,114932.888295
2020-03-31,113940.53417500001
2020-04-01,113101.177818
2020-04-02,116268.150725
2020-04-03,116168.29601
2020-04-04,104172.655824
2020-04-05,105485.347906
2020-04-06,117276.17497000001
2020-04-07,116380.716162
2020-04-08,116663.194332
2020-04-09,117222.98212100001
2020-04-10,115002.050168
2020-04-11,105926.595461
2020-04-12,108346.926673
2020-04-13,119385.765988
2020-04-14,120640.140601
2020-04-15,118320.046982
2020-04-16,119218.125259
2020-04-17,119762.371116
2020-04-18,108281.634296
2020-04-19,109157.904396
2020-04-20,120220.974108
2020-04-21,120568.145707
2020-04-22,121074.752983
2020-04-23,119925.641711
2020-04-24,123049.68812800001
2020-04-25,109641.222704
2020-04-26,110710.910527
2020-04-27,122395.665463
2020-04-28,125169.160245
2020-04-29,123491.625603
2020-04-30,123038.069183
2020-05-01,134618.20092
2020-05-02,122520.513076
2020-05-03,122508.809685
2020-05-04,136235.497158
2020-05-05,137697.989934
2020-05-06,137869.111662
2020-05-07,136830.763398
2020-05-08,137122.31625899998
2020-05-09,124808.582479
2020-05-10,123553.115466
2020-05-11,137844.186857
2020-05-12,140674.912301
2020-05-13,137928.054163
2020-05-14,139896.857388
2020-05-15,138858.714124
2020-05-16,125871.492513
2020-05-17,127792.977652
2020-05-18,140012.045621
2020-05-19,140955.799222
2020-05-20,142124.118454
2020-05-21,139684.873552
2020-05-22,141726.148717
2020-05-23,129336.654878
2020-05-24,130512.500851
2020-05-25,140390.801618
2020-05-26,142772.096462
2020-05-27,142407.091829
2020-05-28,143428.499201
2020-05-29,141346.112449
2020-05-30,129891.948404
2020-05-31,129932.663255
2020-06-01,149891.078546
2020-06-02,150478.622757
2020-06-03,150253.62918
2020-06-04,152124.570593
2020-06-05,151400.380105
2020-06-06,135678.111585
2020-06-07,137790.324552
2020-06-08,151948.45645
2020-06-09,150698.311458
2020-06-10,150085.003719
2020-06-11,151862.89763
2020-06-12,152222.099774
2020-06-13,137833.996402
2020-06-14,139078.846423
2020-06-15,151408.827489
2020-06-16,151625.463863
2020-06-17,152472.769229
2020-06-18,151981.925179
2020-06-19,153233.06349
2020-06-20,139046.405124
2020-06-21,138974.471791
2020-06-22,153786.501685
2020-06-23,152656.187631
2020-06-24,151508.222858
2020-06-25,150920.17497
2020-06-26,154065.29509
2020-06-27,139440.891784
2020-06-28,139765.818503
2020-06-29,153498.417868
2020-06-30,153881.140994
2020-07-01,155867.230426
2020-07-02,152617.634336
2020-07-03,154571.412379
2020-07-04,139615.6835
2020-07-05,139154.69925499998
2020-07-06,154202.241731
2020-07-07,152519.372337
2020-07-08,152496.679036
2020-07-09,153492.007022
2020-07-10,153623.852677
2020-07-11,140038.485895
2020-07-12,139001.953109
2020-07-13,152166.697696
2020-07-14,152302.935056
2020-07-15,153397.313923
2020-07-16,153673.358681
2020-07-17,153499.911163
2020-07-18,140678.333547
2020-07-19,138577.639981
2020-07-20,152078.042257
2020-07-21,154275.999035
2020-07-22,152863.08245
2020-07-23,153217.048465
2020-07-24,152365.947942
2020-07-25,137740.261849
2020-07-26,138125.717898
2020-07-27,152297.101347
2020-07-28,152785.78199
2020-07-29,153702.849546
2020-07-30,151257.785851
2020-07-31,152197.905738
2020-08-01,130583.190102
2020-08-02,132586.564848
2020-08-03,143066.787537
2020-08-04,144727.161346
2020-08-05,145525.435948
2020-08-06,145325.572954
2020-08-07,144463.513264
2020-08-08,132183.723259
2020-08-09,131581.056276
2020-08-10,144092.421228
2020-08-11,145103.76625
2020-08-12,143941.821588
2020-08-13,143778.132846
2020-08-14,143760.603138
2020-08-15,131051.799434
2020-08-16,129055.341145
2020-08-17,143764.539045
2020-08-18,143306.489551
2020-08-19,141909.676281
2020-08-20,141231.09561
2020-08-21,142978.456531
2020-08-22,129440.516494
2020-08-23,129760.430216
2020-08-24,142218.982885
2020-08-25,140464.37431
2020-08-26,139840.112552
2020-08-27,140172.755386
2020-08-28,140926.38271
2020-08-29,128591.213921
2020-08-30,126004.69057
2020-08-31,139567.946264
2020-09-01,129534.712335
2020-09-02,128310.062049
2020-09-03,127701.231161
2020-09-04,125781.219543
2020-09-05,115664.728861
2020-09-06,115221.683677
2020-09-07,125862.271375
2020-09-08,125381.2202
2020-09-09,125287.149616
2020-09-10,123659.767766
2020-09-11,126618.998637
2020-09-12,112501.495989
2020-09-13,111011.409593
2020-09-14,123473.487199
2020-09-15,123847.178216
2020-09-16,123254.377956
2020-09-17,122785.96238699999
2020-09-18,122427.657396
2020-09-19,111161.131845
2020-09-20,110937.169216
2020-09-21,122122.963837
2020-09-22,122121.343453
2020-09-23,122741.047065
2020-09-24,121194.795009
2020-09-25,120955.36896200001
2020-09-26,109866.099709
2020-09-27,107470.57944
2020-09-28,120953.740871
2020-09-29,118855.715791
2020-09-30,117463.924852
2020-10-01,117362.09018099999
2020-10-02,118555.361573
2020-10-03,107047.218687
2020-10-04,107345.525975
2020-10-05,116361.932377
2020-10-06,119239.967296
2020-10-07,116046.91309
2020-10-08,116850.143741
2020-10-09,117415.439929
2020-10-10,105128.467407
2020-10-11,105363.746407
2020-10-12,115429.137328
2020-10-13,114203.440553
2020-10-14,115277.179611
2020-10-15,115625.258998
2020-10-16,115587.206919
2020-10-17,102319.015092
2020-10-18,101064.963305
2020-10-19,112009.912181
2020-10-20,113097.472485
2020-10-21,112700.825313
2020-10-22,112573.85660099999
2020-10-23,112021.777602
2020-10-24,100152.818487
2020-10-25,101040.99623599999
2020-10-26,111704.449021
2020-10-27,111487.947828
2020-10-28,111679.927364
2020-10-29,110161.675909
2020-10-30,110091.155771
2020-10-31,98137.792091
2020-11-01,97740.432346
2020-11-02,109319.91045
2020-11-03,110205.815971
2020-11-04,107220.614172
2020-11-05,108524.673325
2020-11-06,107462.945053
2020-11-07,96723.112186
2020-11-08,97468.065215
2020-11-09,107950.033569
2020-11-10,107738.392124
2020-11-11,106059.331302
2020-11-12,105469.339641
2020-11-13,106804.425447
2020-11-14,93784.469748
2020-11-15,95494.016563
2020-11-16,107082.772908
2020-11-17,104887.71766899999
2020-11-18,104060.493522
2020-11-19,104853.531223
2020-11-20,105325.316797
2020-11-21,91989.110847
2020-11-22,92594.049107
2020-11-23,105096.572365
2020-11-24,102468.12897599999
2020-11-25,103702.471276
2020-11-26,102153.568458
2020-11-27,103441.053004
2020-11-28,93585.039122
2020-11-29,93028.316071
2020-11-30,103007.36279
2020-12-01,97715.702301
2020-12-02,95361.078675
2020-12-03,96390.433007
2020-12-04,95469.759651
2020-12-05,84052.170999
2020-12-06,83893.278231
2020-12-07,94946.498767
2020-12-08,95095.14713
2020-12-09,94158.614669
2020-12-10,94638.211905
2020-12-11,93767.22588700001
2020-12-12,83883.337886
2020-12-13,84340.248784
2020-12-14,96104.171634
2020-12-15,92533.644453
2020-12-16,94309.890184
2020-12-17,93674.424747
2020-12-18,94149.940368
2020-12-19,84226.089829
2020-12-20,83496.050477
2020-12-21,93360.73511
2020-12-22,94156.867565
2020-12-23,92706.84548999999
2020-12-24,91854.373191
2020-12-25,92933.12749299999
2020-12-26,83644.68444
2020-12-27,82727.189757
2020-12-28,91884.21885
2020-12-29,92486.400742
2020-12-30,92638.450494
2020-12-31,94173.961683
2021-01-01,92326.887222
2021-01-02,83417.246129
2021-01-03,82897.978285
2021-01-04,94094.156642
2021-01-05,95205.338072
2021-01-06,92664.789854
2021-01-07,95023.388948
2021-01-08,93965.720973
2021-01-09,82792.446499
2021-01-10,82586.265407
2021-01-11,92881.575989
2021-01-12,94990.754756
2021-01-13,93554.958097
2021-01-14,92852.343064
2021-01-15,94473.755169
2021-01-16,84356.84492
2021-01-17,83094.713323
2021-01-18,93642.51031900001
2021-01-19,93945.59626
2021-01-20,93987.865355
2021-01-21,93258.916809
2021-01-22,94566.423832
2021-01-23,83577.07492300001
2021-01-24,84349.329687
2021-01-25,95004.69536
2021-01-26,94734.113885
2021-01-27,94710.499075
2021-01-28,95238.229372
2021-01-29,93349.241866
2021-01-30,84584.477207
2021-01-31,83848.891171
2021-02-01,102093.875735
2021-02-02,101188.715581
2021-02-03,102918.941901
2021-02-04,102717.843408
2021-02-05,102397.306685
2021-02-06,91826.322769
2021-02-07,90333.880164
2021-02-08,103552.03935
2021-02-09,103423.623082
2021-02-10,102845.853098
2021-02-11,104254.726164
2021-02-12,103714.133679
2021-02-13,91348.841747
2021-02-14,92812.911468
2021-02-15,103933.344285
2021-02-16,104781.078084
2021-02-17,104783.651778
2021-02-18,104763.291621
2021-02-19,105773.319496
2021-02-20,80003.450352
2021-02-21,95409.400966
2021-02-22,104520.456486
2021-02-23,105768.391177
2021-02-24,105395.7009
2021-02-25,104682.220697
2021-02-26,104957.17032
2021-02-27,94363.847006
2021-02-28,95118.073219
2021-03-01,104541.31951
2021-03-02,108099.706119
2021-03-03,107429.942635
2021-03-04,106736.741353
2021-03-05,109020.301942
2021-03-06,96859.156549
2021-03-07,97035.945213
2021-03-08,107776.85599
2021-03-09,108336.654815
2021-03-10,108833.266386
2021-03-11,110065.047722
2021-03-12,108991.073972
2021-03-13,99295.472513
2021-03-14,100036.284942
2021-03-15,110268.386953
2021-03-16,111225.41412
2021-03-17,111420.812284
2021-03-18,110591.342945
2021-03-19,110770.232822
2021-03-20,99508.016059
2021-03-21,100622.634382
2021-03-22,113985.340666
2021-03-23,113007.201502
2021-03-24,113939.683749
2021-03-25,115206.820917
2021-03-26,113033.307168
2021-03-27,103977.743965
2021-03-28,103783.65996799999
2021-03-29,115176.570722
2021-03-30,114020.270404
2021-03-31,113819.245088
2021-04-01,117202.790626
2021-04-02,118031.199968
2021-04-03,104472.221208
2021-04-04,105800.937537
2021-04-05,116585.894574
2021-04-06,118689.574746
2021-04-07,116806.770063
2021-04-08,116443.002188
2021-04-09,118584.259776
2021-04-10,107157.267703
2021-04-11,106356.49285
2021-04-12,119015.644496
2021-04-13,120126.150715
2021-04-14,120396.615905
2021-04-15,120300.260308
2021-04-16,119811.720043
2021-04-17,110153.321639
2021-04-18,109766.520744
2021-04-19,121619.242636
2021-04-20,121913.406673
2021-04-21,122407.36767
2021-04-22,123368.630995
2021-04-23,122113.13396
2021-04-24,111792.856339
2021-04-25,111934.992927
2021-04-26,123603.774063
2021-04-27,123564.32889599999
2021-04-28,124606.520078
2021-04-29,121449.470372
2021-04-30,124807.917356
2021-05-01,123939.470599
2021-05-02,123839.644657
2021-05-03,137038.432404
2021-05-04,137824.182591
2021-05-05,136179.804126
2021-05-06,137611.650522
2021-05-07,138195.701498
2021-05-08,126416.771822
2021-05-09,125591.993991
2021-05-10,138878.456206
2021-05-11,140345.031132
2021-05-12,140924.402014
2021-05-13,139827.847013
2021-05-14,141059.793069
2021-05-15,127236.19188299999
2021-05-16,127271.346713
2021-05-17,140591.311651
2021-05-18,141279.496346
2021-05-19,141214.326879
2021-05-20,141063.190703
2021-05-21,141297.256803
2021-05-22,129732.473895
2021-05-23,128838.393607
2021-05-24,141799.955452
2021-05-25,141770.619714
2021-05-26,145347.806742
2021-05-27,143345.651285
2021-05-28,143538.953512
2021-05-29,131911.771463
2021-05-30,130802.634009
2021-05-31,144459.399447
2021-06-01,151282.581955
2021-06-02,150977.457421
2021-06-03,151721.944576
2021-06-04,153116.513225
2021-06-05,137290.909745
2021-06-06,136669.048976
2021-06-07,152692.829689
2021-06-08,152128.95895
2021-06-09,153415.993386
2021-06-10,153319.702696
2021-06-11,153271.29083800002
2021-06-12,139710.340885
2021-06-13,138230.554772
2021-06-14,155615.213245
2021-06-15,152244.35256
2021-06-16,151047.128901
2021-06-17,153489.564464
2021-06-18,153166.174019
2021-06-19,140816.740109
2021-06-20,139413.93638199999
2021-06-21,154449.417904
2021-06-22,153194.025679
2021-06-23,152539.498662
2021-06-24,155658.439647
2021-06-25,153059.732778
2021-06-26,140658.230441
2021-06-27,140046.960572
2021-06-28,155033.06705399998
2021-06-29,154324.97098
2021-06-30,154963.01435
2021-07-01,154153.565665
2021-07-02,152842.56258600001
2021-07-03,140448.64987
2021-07-04,140865.334295
2021-07-05,156472.677588
2021-07-06,153764.827227
2021-07-07,155337.910462
2021-07-08,155131.494663
2021-07-09,156885.776087
2021-07-10,140235.497092
2021-07-11,141566.506981
2021-07-12,154722.493982
2021-07-13,154623.691066
2021-07-14,156169.337355
2021-07-15,154913.710258
2021-07-16,155014.775068
2021-07-17,139921.245105
2021-07-18,141046.707686
2021-07-19,155821.58663499999
2021-07-20,153533.59259
2021-07-21,155103.872876
2021-07-22,154310.66781400001
2021-07-23,155124.466045
2021-07-24,139732.133576
2021-07-25,139899.691409
2021-07-26,153785.731711
2021-07-27,154128.108727
2021-07-28,152660.548983
2021-07-29,153793.32939
2021-07-30,154099.223257
2021-07-31,139018.35976
2021-08-01,133961.213627
2021-08-02,148077.589404
2021-08-03,146866.043041
2021-08-04,145657.569696
2021-08-05,146853.93022
2021-08-06,147573.579535
2021-08-07,132233.23875
2021-08-08,131743.923563
2021-08-09,145183.017563
2021-08-10,146354.635814
2021-08-11,145404.092593
2021-08-12,145767.757727
2021-08-13,144394.571338
2021-08-14,129377.429711
2021-08-15,131223.255476
2021-08-16,143434.581119
2021-08-17,144816.158494
2021-08-18,143808.667439
2021-08-19,143307.397357
2021-08-20,143576.623589
2021-08-21,129091.616916
2021-08-22,129976.554981
2021-08-23,143383.940721
2021-08-24,141107.062579
2021-08-25,143742.287984
2021-08-26,142659.137697
2021-08-27,140522.851938
2021-08-28,127987.297797
2021-08-29,127112.00297
2021-08-30,141649.058976
2021-08-31,141963.15459
2021-09-01,129876.039772
2021-09-02,128005.228412
2021-09-03,130393.52094
2021-09-04,117666.521591
2021-09-05,116948.018086
2021-09-06,127784.386116
2021-09-07,127526.652354
2021-09-08,130098.23706099999
2021-09-09,128349.56623
2021-09-10,126208.144365
2021-09-11,115355.95132
2021-09-12,115353.849705
2021-09-13,125775.398601
2021-09-14,123763.210566
2021-09-15,124725.865174
2021-09-16,124166.712667
2021-09-17,124647.78129
2021-09-18,113268.318687
2021-09-19,113266.542357
2021-09-20,123863.691833
2021-09-21,122520.084957
2021-09-22,123240.266527
2021-09-23,122253.540285
2021-09-24,120510.819654
2021-09-25,111506.942406
2021-09-26,110417.545032
2021-09-27,121114.115129
2021-09-28,121817.691811
2021-09-29,121420.128851
2021-09-30,120800.250725
2021-10-01,120711.710187
2021-10-02,108196.389845
2021-10-03,111011.685667
2021-10-04,119748.727193
2021-10-05,119989.26936
2021-10-06,119248.687083
2021-10-07,118497.390826
2021-10-08,117167.195098
2021-10-09,105821.505799
2021-10-10,105261.744877
2021-10-11,115042.834032
2021-10-12,117123.11039
2021-10-13,119092.66201
2021-10-14,116542.691868
2021-10-15,116026.338423
2021-10-16,104963.607507
2021-10-17,103783.005894
2021-10-18,116192.997097
2021-10-19,113851.585381
2021-10-20,113357.495745
2021-10-21,116000.131544
2021-10-22,112521.04066299999
2021-10-23,101725.191879
2021-10-24,101148.195825
2021-10-25,114894.065758
2021-10-26,112560.048604
2021-10-27,112556.235771
2021-10-28,111654.444868
2021-10-29,112584.447915
2021-10-30,98586.631972
2021-10-31,98709.7328
2021-11-01,111532.579204
2021-11-02,112480.044113
2021-11-03,108252.31549
2021-11-04,110069.366119
2021-11-05,108601.213276
2021-11-06,98402.387755
2021-11-07,98786.061984
2021-11-08,110506.171901
2021-11-09,108849.392487
2021-11-10,108462.789544
2021-11-11,109171.481497
2021-11-12,107239.141654
2021-11-13,96586.299743
2021-11-14,97319.011151
2021-11-15,106714.345031
2021-11-16,108111.481287
2021-11-17,106898.824117
2021-11-18,107151.95975
2021-11-19,108995.029119
2021-11-20,95210.636275
2021-11-21,95159.45553400001
2021-11-22,106579.208959
2021-11-23,106635.590973
2021-11-24,105963.461368
2021-11-25,105357.025622
2021-11-26,104098.777416
2021-11-27,92608.082768
2021-11-28,92484.329204
2021-11-29,104283.32199
2021-11-30,104682.322492
2021-12-01,96175.678753
2021-12-02,96107.174888
2021-12-03,95981.709561
2021-12-04,85584.97358
2021-12-05,85813.173368
2021-12-06,96975.713733
2021-12-07,95735.799858
2021-12-08,96821.61157200001
2021-12-09,93763.850894
2021-12-10,96762.895243
2021-12-11,85844.85032
2021-12-12,84702.330948
2021-12-13,95781.375541
2021-12-14,89793.350889
2021-12-15,94189.265149
2021-12-16,94930.929719
2021-12-17,94508.531646
2021-12-18,83974.742129
2021-12-19,84150.737905
2021-12-20,95609.43975
2021-12-21,95388.117231
2021-12-22,95687.862019
2021-12-23,94126.228752
2021-12-24,95223.18692000001
2021-12-25,82352.932678
2021-12-26,82793.495195
2021-12-27,94145.336967
2021-12-28,94109.111053
2021-12-29,94662.432873
2021-12-30,95407.425997
2021-12-31,93355.857526
2022-01-01,85067.61994399999
2022-01-02,84617.82557
2022-01-03,94725.016994
2022-01-04,94789.501139
2022-01-05,96242.019014
2022-01-06,95812.87362
2022-01-07,94884.889081
2022-01-08,85341.811667
2022-01-09,82819.114253
2022-01-10,95316.818654
2022-01-11,94047.571467
2022-01-12,95048.741299
2022-01-13,94828.768364
2022-01-14,96124.244013
2022-01-15,85325.156905
2022-01-16,84343.104797
2022-01-17,95305.81862
2022-01-18,93784.569523
2022-01-19,95516.599777
2022-01-20,95794.120916
2022-01-21,96586.59751600001
2022-01-22,85520.521168
2022-01-23,85484.114436
2022-01-24,94615.14385200001
2022-01-25,95302.44385
2022-01-26,96258.90772599999
2022-01-27,96192.981114
2022-01-28,95631.287213
2022-01-29,86408.334482
2022-01-30,84231.594033
2022-01-31,96247.221081
2022-02-01,102498.995838
2022-02-02,103228.425286
2022-02-03,101925.952079
2022-02-04,103344.991604
2022-02-05,92941.944044
2022-02-06,93188.30145
2022-02-07,104737.759052
2022-02-08,103586.16314
2022-02-09,104627.446005
2022-02-10,104361.634605
2022-02-11,105004.172947
2022-02-12,91815.151774
2022-02-13,93555.612155
2022-02-14,105223.33051100001
2022-02-15,104749.354482
2022-02-16,104839.763094
2022-02-17,105903.71753
2022-02-18,104996.721778
2022-02-19,94866.80122
2022-02-20,94951.290929
2022-02-21,106181.976391
2022-02-22,105342.242816
2022-02-23,106777.387466
2022-02-24,107074.286895
2022-02-25,107572.97990399999
2022-02-26,96285.263853
2022-02-27,95815.896107
2022-02-28,107811.222683
2022-03-01,108204.08531
2022-03-02,109599.354868
2022-03-03,108002.17576299999
2022-03-04,108906.929452
2022-03-05,97884.710093
2022-03-06,98166.202865
2022-03-07,108597.769889
2022-03-08,110094.483798
2022-03-09,108637.970908
2022-03-10,110168.857355
2022-03-11,109519.118301
2022-03-12,99536.495378
2022-03-13,100383.017218
2022-03-14,111103.759836
2022-03-15,111208.334122
2022-03-16,111887.20738
2022-03-17,110434.096614
2022-03-18,112989.22794
2022-03-19,102176.557775
2022-03-20,100717.747134
2022-03-21,113619.197383
2022-03-22,113636.944951
2022-03-23,112194.834947
2022-03-24,113024.227324
2022-03-25,113252.435545
2022-03-26,102681.47090100001
2022-03-27,104516.666281
2022-03-28,114710.388615
2022-03-29,116022.483501
2022-03-30,115311.821325
2022-03-31,117087.901383
2022-04-01,116465.821022
2022-04-02,106522.829959
2022-04-03,105549.802535
2022-04-04,116540.518738
2022-04-05,118322.537399
2022-04-06,118322.006451
2022-04-07,117877.540237
2022-04-08,119465.476163
2022-04-09,109345.556543
2022-04-10,108297.786499
2022-04-11,117321.817011
2022-04-12,118736.107383
2022-04-13,119010.928161
2022-04-14,121840.251185
2022-04-15,122088.847365
2022-04-16,109195.128625
2022-04-17,110727.80497499999
2022-04-18,121860.993043
2022-04-19,122453.195369
2022-04-20,122785.168662
2022-04-21,123048.733666
2022-04-22,122595.804309
2022-04-23,112400.033028
2022-04-24,113181.984303
2022-04-25,124025.199671
2022-04-26,124449.42750399999
2022-04-27,125116.635469
2022-04-28,125111.248661
2022-04-29,125880.995052
2022-04-30,115245.46498399999
2022-05-01,125435.97330700001
2022-05-02,137391.23943
2022-05-03,137331.542953
2022-05-04,139254.9075
2022-05-05,140250.48701
2022-05-06,139821.241732
2022-05-07,127118.41770399999
2022-05-08,126550.333396
2022-05-09,138976.605195
2022-05-10,140216.160737
2022-05-11,140727.36191
2022-05-12,143062.729108
2022-05-13,140918.377164
2022-05-14,129858.607318
2022-05-15,128562.72357300001
2022-05-16,142088.31108
2022-05-17,140840.809531
2022-05-18,141683.248857
2022-05-19,141561.521092
2022-05-20,143542.989726
2022-05-21,130656.122118
2022-05-22,129138.820076
2022-05-23,144248.647943
2022-05-24,143205.857152
2022-05-25,144260.019036
2022-05-26,143015.440256
2022-05-27,142855.969853
2022-05-28,130987.012328
2022-05-29,130950.07546000001
2022-05-30,146489.802296
2022-05-31,144764.611415
2022-06-01,153979.930304
2022-06-02,153284.293257
2022-06-03,152895.993263
2022-06-04,137626.692582
2022-06-05,139623.433648
2022-06-06,152841.481454
2022-06-07,157203.081565
2022-06-08,153662.001888
2022-06-09,154120.278277
2022-06-10,154415.384025
2022-06-11,140789.079848
2022-06-12,140207.057913
2022-06-13,154451.564643
2022-06-14,155474.629946
2022-06-15,154362.546454
2022-06-16,155626.664997
2022-06-17,153783.110052
2022-06-18,135539.713276
2022-06-19,141204.191636
2022-06-20,154708.030092
2022-06-21,155878.549855
2022-06-22,155236.872928
2022-06-23,156114.210181
2022-06-24,155488.873211
2022-06-25,142735.719906
2022-06-26,141267.174775
2022-06-27,155697.695054
2022-06-28,156577.001733
2022-06-29,155707.947995
2022-06-30,156295.155886
2022-07-01,156113.147337
2022-07-02,142779.335443
2022-07-03,143062.551896
2022-07-04,155861.106998
2022-07-05,155191.259783
2022-07-06,156574.088792
2022-07-07,156900.605558
2022-07-08,156520.596238
2022-07-09,142827.388159
2022-07-10,142820.724234
2022-07-11,156915.865385
2022-07-12,154342.235919
2022-07-13,157017.863883
2022-07-14,155923.226699
2022-07-15,156557.90856
2022-07-16,140878.39259
2022-07-17,142803.160114
2022-07-18,156027.961289
2022-07-19,154174.87856
2022-07-20,156855.49219
2022-07-21,157121.546609
2022-07-22,156994.694012
2022-07-23,140173.363147
2022-07-24,139973.546356
2022-07-25,154800.745715
2022-07-26,154608.37079
2022-07-27,155796.644413
2022-07-28,155163.07641
2022-07-29,155510.036546
2022-07-30,142995.991651
2022-07-31,141772.023932
2022-08-01,148233.253115
2022-08-02,148548.969144
2022-08-03,147552.356701
2022-08-04,147898.007923
2022-08-05,147358.028122
2022-08-06,133743.804232
2022-08-07,134491.30235
2022-08-08,145993.752032
2022-08-09,147082.876545
2022-08-10,144479.661565
2022-08-11,145753.567991
2022-08-12,146112.592301
2022-08-13,132021.61028
2022-08-14,131805.190047
2022-08-15,145483.564311
2022-08-16,145657.635071
2022-08-17,146571.509486
2022-08-18,144984.654424
2022-08-19,145180.688919
2022-08-20,133236.248056
2022-08-21,130126.915232
2022-08-22,145369.669782
2022-08-23,143357.14571
2022-08-24,143881.196712
2022-08-25,143464.713228
2022-08-26,143450.476371
2022-08-27,130619.533012
2022-08-28,129784.64199
2022-08-29,142648.087772
2022-08-30,143044.292927
2022-08-31,140201.551852
2022-09-01,131097.364104
2022-09-02,129870.391176
2022-09-03,117102.81080199999
2022-09-04,117581.000241
2022-09-05,129996.61984
2022-09-06,129312.169062
2022-09-07,128519.970178
2022-09-08,127560.388601
2022-09-09,126653.82911400001
2022-09-10,116280.572663
2022-09-11,114999.721056
2022-09-12,129715.474541
2022-09-13,126795.535382
2022-09-14,127398.557021
2022-09-15,124971.023266
2022-09-16,126946.128682
2022-09-17,113732.918364
2022-09-18,114748.270496
2022-09-19,125317.397127
2022-09-20,124810.726247
2022-09-21,126030.623743
2022-09-22,124861.354523
2022-09-23,123639.640104
2022-09-24,112318.02196700001
2022-09-25,112121.833738
2022-09-26,123539.620588
2022-09-27,122255.837655
2022-09-28,121246.566972
2022-09-29,122641.460849
2022-09-30,122395.734187
2022-10-01,109747.247898
2022-10-02,110919.828088
2022-10-03,120993.480348
2022-10-04,120183.226947
2022-10-05,120199.125883
2022-10-06,119069.778901
2022-10-07,119862.618466
2022-10-08,105658.597206
2022-10-09,108074.598487
2022-10-10,119191.082816
2022-10-11,120041.62409900001
2022-10-12,118590.632456
2022-10-13,118383.140072
2022-10-14,119356.209352
2022-10-15,105955.370494
2022-10-16,105816.843303
2022-10-17,115992.723548
2022-10-18,115886.666159
2022-10-19,116659.554019
2022-10-20,116213.349077
2022-10-21,115602.474943
2022-10-22,103297.842971
2022-10-23,103836.837075
2022-10-24,113288.259491
2022-10-25,112464.772969
2022-10-26,113403.941394
2022-10-27,112255.843446
2022-10-28,113443.851189
2022-10-29,102073.919242
2022-10-30,101419.977353
2022-10-31,112201.362604
2022-11-01,112900.549467
2022-11-02,112686.415701
2022-11-03,110825.075244
2022-11-04,109631.88391799999
2022-11-05,100680.1732
2022-11-06,100251.048066
2022-11-07,111069.13293
2022-11-08,110646.258333
2022-11-09,110508.452414
2022-11-10,109818.765034
2022-11-11,109985.20525300001
2022-11-12,97462.936831
2022-11-13,98283.790537
2022-11-14,109146.533102
2022-11-15,109102.914888
2022-11-16,108686.762488
2022-11-17,107917.556456
2022-11-18,106751.744891
2022-11-19,97329.3734
2022-11-20,96202.900488
2022-11-21,106653.272429
2022-11-22,105497.490733
2022-11-23,107099.228015
2022-11-24,108260.5248
2022-11-25,105155.848432
2022-11-26,94573.236593
2022-11-27,95517.638503
2022-11-28,105010.824517
2022-11-29,105825.286041
2022-11-30,105575.347803
2022-12-01,98931.94751099999
2022-12-02,98385.830027
2022-12-03,88111.834248
2022-12-04,87178.334436
2022-12-05,100146.528618
2022-12-06,97910.179987
2022-12-07,97333.249195
2022-12-08,96846.389283
2022-12-09,98604.704483
2022-12-10,86491.951604
2022-12-11,85908.075101
2022-12-12,98372.901878
2022-12-13,96992.173031
2022-12-14,97096.983387
2022-12-15,95846.621642
2022-12-16,98046.409573
2022-12-17,85948.821582
2022-12-18,85134.36808
2022-12-19,95075.061366
2022-12-20,95416.823975
2022-12-21,96171.470195
2022-12-22,95227.543511
2022-12-23,94215.492306
2022-12-24,85733.512937
2022-12-25,86443.900854
2022-12-26,94913.469784
2022-12-27,95519.038833
2022-12-28,95200.967325
2022-12-29,94647.651309
2022-12-30,96424.588899
2022-12-31,85994.50588699999
2023-01-01,85602.837155
2023-01-02,95837.816913
2023-01-03,96017.484202
2023-01-04,97828.970539
2023-01-05,95973.018052
2023-01-06,96221.400455
2023-01-07,85963.31872
2023-01-08,85102.470539
2023-01-09,96683.488649
2023-01-10,96199.888346
2023-01-11,96180.847072
2023-01-12,94941.6949
2023-01-13,95121.610912
2023-01-14,85400.306762
2023-01-15,86971.884049
2023-01-16,96170.786573
2023-01-17,97418.642865
2023-01-18,96980.155323
2023-01-19,97563.104533
2023-01-20,99679.802405
2023-01-21,85921.725826
2023-01-22,86458.95452099999
2023-01-23,95932.188283
2023-01-24,96320.379968
2023-01-25,97260.020198
2023-01-26,96463.61208400001
2023-01-27,97393.88861
2023-01-28,86937.038127
2023-01-29,86869.962283
2023-01-30,98621.201781
2023-01-31,97911.510887
2023-02-01,104124.33043
2023-02-02,104931.505549
2023-02-03,104777.958699
2023-02-04,93316.686025
2023-02-05,94673.877514
2023-02-06,103078.870617
2023-02-07,105228.858455
2023-02-08,103600.155797
2023-02-09,105137.163583
2023-02-10,106057.470123
2023-02-11,93424.898756
2023-02-12,94110.34707
2023-02-13,106579.028752
2023-02-14,106169.550463
2023-02-15,107818.681092
2023-02-16,106515.648165
2023-02-17,106911.970012
2023-02-18,94765.749121
2023-02-19,96321.070354
2023-02-20,107632.217099
2023-02-21,108886.965891
2023-02-22,107991.36547799999
2023-02-23,108270.091502
2023-02-24,108153.220835
2023-02-25,97644.115972
2023-02-26,96854.028854
2023-02-27,109070.408559
2023-02-28,108672.675273
2023-03-01,110284.781332
2023-03-02,109595.25423
2023-03-03,108718.857515
2023-03-04,99685.642586
2023-03-05,100040.92939
2023-03-06,111276.760529
2023-03-07,110887.05908199999
2023-03-08,110392.339628
2023-03-09,111226.977641
2023-03-10,111266.109523
2023-03-11,102005.697837
2023-03-12,100740.4721
2023-03-13,111949.70081
2023-03-14,112863.0903
2023-03-15,112494.89004700001
2023-03-16,112961.264846
2023-03-17,113483.593485
2023-03-18,101425.879607
2023-03-19,102705.857402
2023-03-20,113838.74756
2023-03-21,114431.246923
2023-03-22,114315.093309
2023-03-23,115340.06260199999
2023-03-24,119401.769789
2023-03-25,104333.751944
2023-03-26,105400.196736
2023-03-27,117572.567478
2023-03-28,117196.381173
2023-03-29,117701.602293
2023-03-30,117603.198955
2023-03-31,117858.225176
2023-04-01,106747.857674
2023-04-02,107428.284076
2023-04-03,117813.648793
2023-04-04,120998.51663
2023-04-05,117971.283591
2023-04-06,118661.283787
2023-04-07,120514.146012
2023-04-08,109455.98854600001
2023-04-09,108163.883681
2023-04-10,122081.412343
2023-04-11,121210.312289
2023-04-12,121852.579146
2023-04-13,122097.021756
2023-04-14,123074.01581499999
2023-04-15,111205.302545
2023-04-16,111392.208926
2023-04-17,122839.579729
2023-04-18,124415.279493
2023-04-19,123706.158684
2023-04-20,124849.286557
2023-04-21,124522.089823
2023-04-22,113493.318403
2023-04-23,113564.625926
2023-04-24,126323.599159
2023-04-25,124876.944234
2023-04-26,126718.977985
2023-04-27,124693.650979
2023-04-28,126498.795152
2023-04-29,114819.76085
2023-04-30,113302.355885
2023-05-01,138435.26297
2023-05-02,141442.319887
2023-05-03,140648.749606
2023-05-04,141000.386899
2023-05-05,139652.351123
2023-05-06,126490.070803
2023-05-07,127769.54874700001
2023-05-08,138945.1861
2023-05-09,142286.03167599998
2023-05-10,141639.574555
2023-05-11,141354.843802
2023-05-12,143172.497051
2023-05-13,130077.653731
2023-05-14,131346.079074
2023-05-15,142946.366738
2023-05-16,143742.0912
2023-05-17,144584.543652
2023-05-18,142872.055487
2023-05-19,143761.262435
2023-05-20,132265.964301
2023-05-21,131438.026758
2023-05-22,145078.172885
2023-05-23,144411.926444
2023-05-24,144620.49587
2023-05-25,145204.27098
2023-05-26,146025.873444
2023-05-27,132629.26368899998
2023-05-28,132627.299591
2023-05-29,147575.957127
2023-05-30,143017.952389
2023-05-31,145676.405993
2023-06-01,155171.132993
2023-06-02,153590.2135
2023-06-03,139120.975054
2023-06-04,139856.395144
2023-06-05,154318.617664
2023-06-06,154454.458087
2023-06-07,155426.954504
2023-06-08,155978.869004
2023-06-09,155432.321962
2023-06-10,141406.736634
2023-06-11,140467.833419
2023-06-12,157199.769586
2023-06-13,156681.426456
2023-06-14,155439.349084
2023-06-15,154629.335603
2023-06-16,156475.055508
2023-06-17,140822.88580699998
2023-06-18,141212.198153
2023-06-19,156911.504438
2023-06-20,157501.261666
2023-06-21,156713.178038
2023-06-22,156998.933208
2023-06-23,156255.871279
2023-06-24,141798.485267
2023-06-25,142520.635523
2023-06-26,156933.194554
2023-06-27,155763.038539
2023-06-28,155951.441689
2023-06-29,156979.930025
2023-06-30,158188.642783
2023-07-01,142243.875445
2023-07-02,142457.400109
2023-07-03,157201.829484
2023-07-04,157670.497819
2023-07-05,157094.844478
2023-07-06,156678.300587
2023-07-07,157272.673363
2023-07-08,144029.206149
2023-07-09,143629.584512
2023-07-10,157680.880658
2023-07-11,156683.90756
2023-07-12,157429.177791
2023-07-13,156999.970936
2023-07-14,157943.937951
2023-07-15,143853.592487
2023-07-16,144584.656327
2023-07-17,158298.858997
2023-07-18,157641.396557
2023-07-19,158304.215515
2023-07-20,157534.124859
2023-07-21,155108.093955
2023-07-22,143497.88922399998
2023-07-23,143687.526928
2023-07-24,157269.949159
2023-07-25,158009.874478
2023-07-26,158550.124708
2023-07-27,156855.203658
2023-07-28,157285.077079
2023-07-29,141369.751784
2023-07-30,142746.314634
2023-07-31,156737.947657
2023-08-01,148448.829754
2023-08-02,150303.646277
2023-08-03,147774.752389
2023-08-04,146534.356568
2023-08-05,136509.330498
2023-08-06,137916.562701
2023-08-07,148781.73706800002
2023-08-08,149149.411137
2023-08-09,148971.643909
2023-08-10,146938.114637
2023-08-11,147389.51498
2023-08-12,134267.730517
2023-08-13,132660.6746
2023-08-14,146356.334047
2023-08-15,146303.00085399998
2023-08-16,146433.005178
2023-08-17,146892.181134
2023-08-18,147142.488881
2023-08-19,133096.188613
2023-08-20,132400.542503
2023-08-21,145702.440969
2023-08-22,144949.435275
2023-08-23,145971.228708
2023-08-24,145009.82089
2023-08-25,145927.829507
2023-08-26,131275.286757
2023-08-27,131435.082083
2023-08-28,144084.345681
2023-08-29,144323.315128
2023-08-30,143499.07981999998
2023-08-31,144283.420505
2023-09-01,131522.70709799998
2023-09-02,118287.094557
2023-09-03,120049.312999
2023-09-04,129414.719769
2023-09-05,129695.294981
2023-09-06,131134.490118
2023-09-07,131678.88252
2023-09-08,130165.057323
2023-09-09,117168.28464
2023-09-10,116407.320532
2023-09-11,128507.451503
2023-09-12,128539.297215
2023-09-13,126845.984707
2023-09-14,128939.826141
2023-09-15,127355.152929
2023-09-16,116456.668715
2023-09-17,116150.292972
2023-09-18,126481.411506
2023-09-19,125197.919081
2023-09-20,125713.612597
2023-09-21,125952.480625
2023-09-22,125860.331106
2023-09-23,114770.598286
2023-09-24,112547.385629
2023-09-25,124160.031107
2023-09-26,124649.548605
2023-09-27,123723.59242100001
2023-09-28,124340.49947
2023-09-29,122942.183364
2023-09-30,112304.715105
2023-10-01,111975.219375
2023-10-02,121874.904837
2023-10-03,121401.055343
2023-10-04,121865.227735
2023-10-05,122196.636118
2023-10-06,120708.637877
2023-10-07,109288.193091
2023-10-08,107937.870715
2023-10-09,120692.829263
2023-10-10,120656.764347
2023-10-11,119696.995112
2023-10-12,119402.779378
2023-10-13,119438.057387
2023-10-14,108277.574036
2023-10-15,107471.856907
2023-10-16,117362.398508
2023-10-17,118015.933445
2023-10-18,116411.060075
2023-10-19,116404.245448
2023-10-20,117348.505613
2023-10-21,104188.251468
2023-10-22,105040.945714
2023-10-23,116767.10795599999
2023-10-24,115612.839517
2023-10-25,116849.579591
2023-10-26,114556.674255
2023-10-27,114671.074268
2023-10-28,104225.82523
2023-10-29,102243.720789
2023-10-30,112818.130523
2023-10-31,114064.352965
2023-11-01,115159.013447
2023-11-02,112547.608891
2023-11-03,113906.832
2023-11-04,100991.206475
2023-11-05,99260.550177
2023-11-06,113101.13513
2023-11-07,110876.102651
2023-11-08,111941.657674
2023-11-09,111726.75137
2023-11-10,111095.777142
2023-11-11,100594.908972
2023-11-12,99574.310919
2023-11-13,111630.945855
2023-11-14,110010.496767
2023-11-15,109640.784333
2023-11-16,109959.367782
2023-11-17,109486.228906
2023-11-18,98600.61190999999
2023-11-19,95425.380173
2023-11-20,108641.717144
2023-11-21,109276.52145
2023-11-22,107449.267728
2023-11-23,108343.462673
2023-11-24,108070.299934
2023-11-25,94788.474516
2023-11-26,97152.205979
2023-11-27,106981.645301
2023-11-28,107973.037285
2023-11-29,105734.220134
2023-11-30,105933.215712
2023-12-01,98067.750179
2023-12-02,89904.773349
2023-12-03,89221.031234
2023-12-04,97897.939972
2023-12-05,98781.304595
2023-12-06,99388.344526
2023-12-07,98609.237567
2023-12-08,99292.995981
2023-12-09,86458.747477
2023-12-10,87991.333702
2023-12-11,98596.138754
2023-12-12,98203.32497
2023-12-13,96529.076168
2023-12-14,98140.834045
2023-12-15,96606.160244
2023-12-16,86145.966092
2023-12-17,86358.340475
2023-12-18,96018.479576
2023-12-19,96957.324704
2023-12-20,95354.349353
2023-12-21,98058.121379
2023-12-22,99922.505699
2023-12-23,87081.86671
2023-12-24,85288.889788
2023-12-25,98229.129059
2023-12-26,96339.95789
2023-12-27,96879.71653
2023-12-28,95028.597723
2023-12-29,97777.339641
2023-12-30,85043.871783
2023-12-31,86681.81682000001
2024-01-01,97961.453022
2024-01-02,98925.915874
2024-01-03,97113.464204
2024-01-04,97724.758765
2024-01-05,96474.480884
2024-01-06,87440.61731
2024-01-07,86275.224359
2024-01-08,97819.054882
2024-01-09,97319.408063
2024-01-10,98017.325134
2024-01-11,97458.303583
2024-01-12,98148.752261
2024-01-13,86358.355159
2024-01-14,87606.143028
2024-01-15,98008.570141
2024-01-16,98212.07392
2024-01-17,97876.88751
2024-01-18,95625.54374
2024-01-19,100184.526715
2024-01-20,87497.19304700001
2024-01-21,87695.012336
2024-01-22,97709.843541
2024-01-23,97605.868913
2024-01-24,97450.084407
2024-01-25,99173.578637
2024-01-26,98426.519929
2024-01-27,82973.240738
2024-01-28,87036.91596
2024-01-29,98360.45744900001
2024-01-30,98629.58596
2024-01-31,98244.111744
2024-02-01,105803.047527
2024-02-02,108095.590348
2024-02-03,93684.509474
2024-02-04,94419.410204
2024-02-05,106272.729902
2024-02-06,104564.493996
2024-02-07,107134.754671
2024-02-08,107137.986154
2024-02-09,106189.799718
2024-02-10,96173.785453
2024-02-11,95618.968234
2024-02-12,105048.624759
2024-02-13,108023.673457
2024-02-14,106900.117326
2024-02-15,108317.533136
2024-02-16,107776.850229
2024-02-17,98314.012749
2024-02-18,97499.129545
2024-02-19,109660.272561
2024-02-20,108826.850997
2024-02-21,108342.286292
2024-02-22,109761.121436
2024-02-23,110937.254681
2024-02-24,96820.386364
2024-02-25,99528.979409
2024-02-26,109980.368731
2024-02-27,108658.709461
2024-02-28,110755.774218
2024-02-29,108272.565835
2024-03-01,111122.290215
2024-03-02,100504.625614
2024-03-03,101024.01525
2024-03-04,110200.092153
2024-03-05,111421.012232
2024-03-06,111638.971483
2024-03-07,112587.981678
2024-03-08,112797.169686
2024-03-09,100777.422317
2024-03-10,100254.285048
2024-03-11,112558.811294
2024-03-12,114369.12382
2024-03-13,115411.32679
2024-03-14,114354.126509
2024-03-15,114427.917904
2024-03-16,103288.537612
2024-03-17,103535.770024
2024-03-18,117171.044566
2024-03-19,117576.569108
2024-03-20,118378.955962
2024-03-21,117550.973529
2024-03-22,117087.85733500001
2024-03-23,104246.004581
2024-03-24,105302.369436
2024-03-25,116564.663725
2024-03-26,117217.10196300001
2024-03-27,120545.89378
2024-03-28,117310.37484
2024-03-29,118682.258364
2024-03-30,106930.087489
2024-03-31,108463.539382
2024-04-01,119575.571517
2024-04-02,120660.586469
2024-04-03,118606.552615
2024-04-04,119892.286231
2024-04-05,124252.304759
2024-04-06,108895.704275
2024-04-07,108989.074922
2024-04-08,122092.982675
2024-04-09,120472.632006
2024-04-10,123667.290949
2024-04-11,124283.7552
2024-04-12,122673.329438
2024-04-13,112851.695527
2024-04-14,111461.314887
2024-04-15,123131.912135
2024-04-16,124179.405591
2024-04-17,125790.157471
2024-04-18,125646.710813
2024-04-19,125607.272951
2024-04-20,114151.600697
2024-04-21,112883.212394
2024-04-22,126520.52708
2024-04-23,126801.041815
2024-04-24,126401.021695
2024-04-25,127493.971534
2024-04-26,127255.48574999999
2024-04-27,116877.713535
2024-04-28,116050.61254
2024-04-29,127997.870871
2024-04-30,130024.249564
2024-05-01,141176.662039
2024-05-02,141711.700042
2024-05-03,141023.642881
2024-05-04,127864.663107
2024-05-05,128718.478933
2024-05-06,142634.003057
2024-05-07,142448.580201
2024-05-08,141622.960251
2024-05-09,143344.876632
2024-05-10,142686.950039
2024-05-11,131459.675678
2024-05-12,130881.655063
2024-05-13,144409.118642
2024-05-14,144907.771034
2024-05-15,142420.632269
2024-05-16,144214.567336
2024-05-17,145283.525318
2024-05-18,132565.593319
2024-05-19,131200.293572
2024-05-20,144656.859133
2024-05-21,146014.787784
2024-05-22,145875.959997
2024-05-23,146569.711907
2024-05-24,147466.924956
2024-05-25,133924.46202
2024-05-26,134343.570942
2024-05-27,146920.832385
2024-05-28,148550.622077
2024-05-29,148500.541821
2024-05-30,147158.989815
2024-05-31,148377.403457
2024-06-01,139478.574526
2024-06-02,141019.386884
2024-06-03,155528.358921
2024-06-04,155062.535788
2024-06-05,155752.634497
2024-06-06,156006.918243
2024-06-07,155873.804013
2024-06-08,141648.049892
2024-06-09,141555.861817
2024-06-10,157425.146083
2024-06-11,156563.286565
2024-06-12,158354.005635
2024-06-13,157647.355925
2024-06-14,155494.296109
2024-06-15,144064.513117
2024-06-16,143618.453096
2024-06-17,157713.008932
2024-06-18,156130.402937
2024-06-19,156953.23376499998
2024-06-20,156969.32767
2024-06-21,158039.16054
2024-06-22,144664.376983
2024-06-23,143898.809741
2024-06-24,160949.89911
2024-06-25,156996.352435
2024-06-26,157780.633982
2024-06-27,159736.031271
2024-06-28,156056.052394
2024-06-29,142591.360956
2024-06-30,144334.599951
2024-07-01,158224.80245
2024-07-02,160469.826264
2024-07-03,158219.070481
2024-07-04,157243.050837
2024-07-05,159688.934237
2024-07-06,145542.46293
2024-07-07,145363.696451
2024-07-08,158365.859502
2024-07-09,158199.420105
2024-07-10,164744.56875
2024-07-11,160909.688855
2024-07-12,159846.65183
2024-07-13,144816.975175
2024-07-14,146597.468927
2024-07-15,158010.228551
2024-07-16,157813.389132
2024-07-17,157487.548935
2024-07-18,158201.498578
2024-07-19,158566.234168
2024-07-20,144210.911255
2024-07-21,143276.221963
2024-07-22,157946.153536
2024-07-23,158474.189213
2024-07-24,158287.613493
2024-07-25,158505.304236
2024-07-26,157249.838174
2024-07-27,143179.881142
2024-07-28,143689.320434
2024-07-29,158060.604123
2024-07-30,157951.464821
2024-07-31,156954.316402
2024-08-01,149801.446546
2024-08-02,150119.325223
2024-08-03,136837.665974
2024-08-04,136494.047518
2024-08-05,150037.815199
2024-08-06,150609.158636
2024-08-07,150454.585742
2024-08-08,150176.127539
2024-08-09,150257.156986
2024-08-10,134682.598672
2024-08-11,137063.159853
2024-08-12,150430.331649
2024-08-13,149140.65685200001
2024-08-14,149897.189317
2024-08-15,146984.394833
2024-08-16,148007.075656
2024-08-17,134813.513469
2024-08-18,134304.058271
2024-08-19,146973.071999
2024-08-20,147164.750794
2024-08-21,147686.297962
2024-08-22,146876.749708
2024-08-23,145408.558473
2024-08-24,132206.33466
2024-08-25,133371.951303
2024-08-26,145643.978899
2024-08-27,145586.782533
2024-08-28,147086.360025
2024-08-29,143345.656528
2024-08-30,143767.396118
2024-08-31,131193.999492
2024-09-01,121578.69736199999
2024-09-02,131917.312741
2024-09-03,132715.543912
2024-09-04,128842.20351
2024-09-05,131018.247461
2024-09-06,132046.435007
2024-09-07,118814.02160000001
2024-09-08,118427.252059
2024-09-09,129947.940299
2024-09-10,128547.102663
2024-09-11,127775.374901
2024-09-12,130420.135026
2024-09-13,126711.304876
2024-09-14,115181.94128
2024-09-15,117588.710549
2024-09-16,128831.763385
2024-09-17,127943.53832400001
2024-09-18,126848.063324
2024-09-19,127361.153012
2024-09-20,127284.774727
2024-09-21,115436.40031
2024-09-22,113546.12899699999
2024-09-23,126701.637714
2024-09-24,126085.682035
2024-09-25,125714.052187
2024-09-26,126505.381575
2024-09-27,124260.773129
2024-09-28,113997.076463
2024-09-29,111994.751272
2024-09-30,123831.662668
2024-10-01,122820.56262
2024-10-02,122776.3802
2024-10-03,122381.688102
2024-10-04,124187.900638
2024-10-05,111161.765213
2024-10-06,111335.227877
2024-10-07,122126.132412
2024-10-08,121454.940134
2024-10-09,121792.240255
2024-10-10,121570.46707700001
2024-10-11,119735.096261
2024-10-12,108258.19295699999
2024-10-13,107608.764235
2024-10-14,120466.972093
2024-10-15,119332.25211100001
2024-10-16,120663.18691
2024-10-17,120961.327743
2024-10-18,118699.72888
2024-10-19,105422.394321
2024-10-20,105508.559742
2024-10-21,116855.554462
2024-10-22,119252.658329
2024-10-23,115938.056088
2024-10-24,117719.178808
2024-10-25,115763.2886
2024-10-26,104599.254231
2024-10-27,105714.730806
2024-10-28,115033.434174
2024-10-29,114212.490824
2024-10-30,113339.837814
2024-10-31,116994.991215
2024-11-01,112387.07457
2024-11-02,103141.966091
2024-11-03,101387.462769
2024-11-04,112880.906764
2024-11-05,112374.854381
2024-11-06,113728.87401500001
2024-11-07,112755.358173
2024-11-08,112240.287007
2024-11-09,101048.834944
2024-11-10,100854.598254
2024-11-11,112054.522121
2024-11-12,111910.616813
2024-11-13,110923.63621899999
2024-11-14,109895.816451
2024-11-15,109796.547467
2024-11-16,98634.631277
2024-11-17,98849.388769
2024-11-18,109199.051463
2024-11-19,109427.037937
2024-11-20,110358.112198
2024-11-21,108408.258855
2024-11-22,108780.449058
2024-11-23,97713.522163
2024-11-24,96764.855567
2024-11-25,107394.208348
2024-11-26,108581.791488
2024-11-27,107770.674068
2024-11-28,107669.599263
2024-11-29,108424.78446899999
2024-11-30,94405.065602
2024-12-01,91362.871654
2024-12-02,100864.324462
2024-12-03,101195.734818
2024-12-04,99968.609931
2024-12-05,101579.17591
2024-12-06,99577.086307
2024-12-07,89948.246956
2024-12-08,89739.336019
2024-12-09,101259.397126
2024-12-10,98477.793706
2024-12-11,99344.726618
2024-12-12,98719.848338
2024-12-13,100402.429011
2024-12-14,87749.46419299999
2024-12-15,86833.841476
2024-12-16,98461.975205
2024-12-17,98269.593024
2024-12-18,98622.821505
2024-12-19,98112.913201
2024-12-20,96995.222179
2024-12-21,88669.727969
2024-12-22,87721.891531
2024-12-23,99333.566178
2024-12-24,99241.1447
2024-12-25,96602.47515
2024-12-26,97469.911208
2024-12-27,97634.53310100001
2024-12-28,86567.553693
2024-12-29,87728.744059
2024-12-30,97912.729433
2024-12-31,97431.942625
